0,"2017-08-21 15:00:00+00:00",<129032203.78052,-79063061.7322898,2695.97996741906>,<0,0,0>,<128722076.952838,-78858380.0680132,4242.72689855471>
1,"2017-08-21 15:01:00+00:00",<129033108.935095,-79061543.7667107,2695.84179631993>,<0,0,0>,<128722945.160996,-78856913.6834145,4248.45777498558>
2,"2017-08-21 15:02:00+00:00",<129034014.071773,-79060025.7901613,2695.70362538099>,<0,0,0>,<128723813.35995,-78855447.2935868,4254.18860740587>
3,"2017-08-21 15:03:00+00:00",<129034919.190556,-79058507.8026418,2695.56545460969>,<0,0,0>,<128724681.549702,-78853980.8985286,4259.91939564422>
4,"2017-08-21 15:04:00+00:00",<129035824.291442,-79056989.8041524,2695.42728399858>,<0,0,0>,<128725549.730253,-78852514.4982385,4265.65013954043>
5,"2017-08-21 15:05:00+00:00",<129036729.374433,-79055471.7946934,2695.28911355138>,<0,0,0>,<128726417.901602,-78851048.0927153,4271.38083892316>
6,"2017-08-21 15:06:00+00:00",<129037634.439526,-79053953.774265,2695.15094328299>,<0,0,0>,<128727286.063751,-78849581.6819576,4277.11149363965>
7,"2017-08-21 15:07:00+00:00",<129038539.486723,-79052435.7428674,2695.01277317107>,<0,0,0>,<128728154.216701,-78848115.2659639,4282.8421035111>
8,"2017-08-21 15:08:00+00:00",<129039444.516024,-79050917.7005009,2694.87460324913>,<0,0,0>,<128729022.360452,-78846648.8447329,4288.57266838849>
9,"2017-08-21 15:09:00+00:00",<129040349.527427,-79049399.6471655,2694.73643349856>,<0,0,0>,<128729890.495005,-78845182.4182634,4294.30318810046>
10,"2017-08-21 15:10:00+00:00",<129041254.520934,-79047881.5828617,2694.59826391935>,<0,0,0>,<128730758.62036,-78843715.9865538,4300.0336624831>
11,"2017-08-21 15:11:00+00:00",<129042159.496543,-79046363.5075896,2694.46009452641>,<0,0,0>,<128731626.736519,-78842249.549603,4305.76409137994>
12,"2017-08-21 15:12:00+00:00",<129043064.454255,-79044845.4213494,2694.32192531601>,<0,0,0>,<128732494.843482,-78840783.1074094,4311.49447461218>
13,"2017-08-21 15:13:00+00:00",<129043969.39407,-79043327.3241413,2694.18375629187>,<0,0,0>,<128733362.94125,-78839316.6599717,4317.22481202707>
14,"2017-08-21 15:14:00+00:00",<129044874.315987,-79041809.2159656,2694.04558744654>,<0,0,0>,<128734231.029824,-78837850.2072887,4322.95510345697>
15,"2017-08-21 15:15:00+00:00",<129045779.220006,-79040291.0968225,2693.90741879121>,<0,0,0>,<128735099.109204,-78836383.7493588,4328.68534874543>
16,"2017-08-21 15:16:00+00:00",<129046684.106127,-79038772.9667123,2693.76925033331>,<0,0,0>,<128735967.17939,-78834917.2861809,4334.41554772109>
17,"2017-08-21 15:17:00+00:00",<129047588.974351,-79037254.8256351,2693.6310820505>,<0,0,0>,<128736835.240385,-78833450.8177534,4340.14570020139>
18,"2017-08-21 15:18:00+00:00",<129048493.824676,-79035736.6735911,2693.49291397259>,<0,0,0>,<128737703.292188,-78831984.3440751,4345.87580605224>
19,"2017-08-21 15:19:00+00:00",<129049398.657103,-79034218.5105807,2693.35474608839>,<0,0,0>,<128738571.334801,-78830517.8651445,4351.60586509854>
20,"2017-08-21 15:20:00+00:00",<129050303.471631,-79032700.336604,2693.21657840908>,<0,0,0>,<128739439.368223,-78829051.3809604,4357.33587719128>
21,"2017-08-21 15:21:00+00:00",<129051208.268261,-79031182.1516612,2693.07841092348>,<0,0,0>,<128740307.392456,-78827584.8915213,4363.06584214047>
22,"2017-08-21 15:22:00+00:00",<129052113.046992,-79029663.9557526,2692.94024365023>,<0,0,0>,<128741175.407501,-78826118.396826,4368.79575978965>
23,"2017-08-21 15:23:00+00:00",<129053017.807824,-79028145.7488783,2692.80207656696>,<0,0,0>,<128742043.413357,-78824651.896873,4374.52562998608>
24,"2017-08-21 15:24:00+00:00",<129053922.550758,-79026627.5310387,2692.66390970349>,<0,0,0>,<128742911.410027,-78823185.391661,4380.2554525584>
25,"2017-08-21 15:25:00+00:00",<129054827.275792,-79025109.3022339,2692.52574303374>,<0,0,0>,<128743779.39751,-78821718.8811886,4385.98522733897>
26,"2017-08-21 15:26:00+00:00",<129055731.982926,-79023591.0624642,2692.3875765726>,<0,0,0>,<128744647.375807,-78820252.3654544,4391.71495416388>
27,"2017-08-21 15:27:00+00:00",<129056636.672162,-79022072.8117298,2692.24941033125>,<0,0,0>,<128745515.34492,-78818785.8444572,4397.44463287294>
28,"2017-08-21 15:28:00+00:00",<129057541.343497,-79020554.5500309,2692.11124431714>,<0,0,0>,<128746383.304848,-78817319.3181955,4403.17426331714>
29,"2017-08-21 15:29:00+00:00",<129058445.996933,-79019036.2773677,2691.97307850048>,<0,0,0>,<128747251.255592,-78815852.7866679,4408.90384531021>
30,"2017-08-21 15:30:00+00:00",<129059350.632469,-79017517.9937404,2691.83491291106>,<0,0,0>,<128748119.197154,-78814386.2498732,4414.63337869197>
31,"2017-08-21 15:31:00+00:00",<129060255.250106,-79015999.6991494,2691.69674753398>,<0,0,0>,<128748987.129534,-78812919.70781,4420.36286330968>
32,"2017-08-21 15:32:00+00:00",<129061159.849841,-79014481.3935947,2691.55858238414>,<0,0,0>,<128749855.052732,-78811453.1604768,4426.09229897708>
33,"2017-08-21 15:33:00+00:00",<129062064.431677,-79012963.0770767,2691.42041746154>,<0,0,0>,<128750722.96675,-78809986.6078724,4431.82168556377>
34,"2017-08-21 15:34:00+00:00",<129062968.995612,-79011444.7495956,2691.28225276247>,<0,0,0>,<128751590.871588,-78808520.0499953,4437.55102288723>
35,"2017-08-21 15:35:00+00:00",<129063873.541647,-79009926.4111515,2691.14408829063>,<0,0,0>,<128752458.767247,-78807053.4868443,4443.28031077236>
36,"2017-08-21 15:36:00+00:00",<129064778.069781,-79008408.0617447,2691.00592405722>,<0,0,0>,<128753326.653727,-78805586.9184179,4449.00954908133>
37,"2017-08-21 15:37:00+00:00",<129065682.580013,-79006889.7013754,2690.86776005477>,<0,0,0>,<128754194.531029,-78804120.3447148,4454.73873762786>
38,"2017-08-21 15:38:00+00:00",<129066587.072345,-79005371.3300439,2690.72959627956>,<0,0,0>,<128755062.399155,-78802653.7657336,4460.46787625924>
39,"2017-08-21 15:39:00+00:00",<129067491.546776,-79003852.9477503,2690.5914327465>,<0,0,0>,<128755930.258104,-78801187.1814729,4466.19696480408>
40,"2017-08-21 15:40:00+00:00",<129068396.003306,-79002334.554495,2690.45326944441>,<0,0,0>,<128756798.107878,-78799720.5919315,4471.92600310966>
41,"2017-08-21 15:41:00+00:00",<129069300.441934,-79000816.1502781,2690.31510638818>,<0,0,0>,<128757665.948476,-78798253.9971079,4477.65499100834>
42,"2017-08-21 15:42:00+00:00",<129070204.86266,-78999297.7350998,2690.1769435741>,<0,0,0>,<128758533.779901,-78796787.3970008,4483.3839283362>
43,"2017-08-21 15:43:00+00:00",<129071109.265485,-78997779.3089604,2690.03878100589>,<0,0,0>,<128759401.602152,-78795320.7916088,4489.11281491444>
44,"2017-08-21 15:44:00+00:00",<129072013.650408,-78996260.8718601,2689.90061868355>,<0,0,0>,<128760269.415231,-78793854.1809305,4494.8416506052>
45,"2017-08-21 15:45:00+00:00",<129072918.017429,-78994742.423799,2689.7624566108>,<0,0,0>,<128761137.219137,-78792387.5649646,4500.57043522596>
46,"2017-08-21 15:46:00+00:00",<129073822.366547,-78993223.9647776,2689.6242947802>,<0,0,0>,<128762005.013873,-78790920.9437097,4506.29916861281>
47,"2017-08-21 15:47:00+00:00",<129074726.697764,-78991705.4947959,2689.48613322154>,<0,0,0>,<128762872.799437,-78789454.3171645,4512.02785062045>
48,"2017-08-21 15:48:00+00:00",<129075631.011078,-78990187.0138541,2689.3479719013>,<0,0,0>,<128763740.575832,-78787987.6853276,4517.7564810589>
49,"2017-08-21 15:49:00+00:00",<129076535.306489,-78988668.5219527,2689.20981084183>,<0,0,0>,<128764608.343058,-78786521.0481977,4523.48505980149>
50,"2017-08-21 15:50:00+00:00",<129077439.583998,-78987150.0190916,2689.07165003941>,<0,0,0>,<128765476.101115,-78785054.4057732,4529.21358663961>
51,"2017-08-21 15:51:00+00:00",<129078343.843603,-78985631.5052712,2688.9334895052>,<0,0,0>,<128766343.850005,-78783587.758053,4534.94206144288>
52,"2017-08-21 15:52:00+00:00",<129079248.085306,-78984112.9804917,2688.79532922804>,<0,0,0>,<128767211.589727,-78782121.1050356,4540.67048402876>
53,"2017-08-21 15:53:00+00:00",<129080152.309106,-78982594.4447533,2688.65716922283>,<0,0,0>,<128768079.320284,-78780654.4467198,4546.39885425568>
54,"2017-08-21 15:54:00+00:00",<129081056.515002,-78981075.8980561,2688.51900946721>,<0,0,0>,<128768947.041675,-78779187.783104,4552.1271719262>
55,"2017-08-21 15:55:00+00:00",<129081960.702995,-78979557.3404006,2688.38084999844>,<0,0,0>,<128769814.753901,-78777721.1141869,4557.85543690622>
56,"2017-08-21 15:56:00+00:00",<129082864.873084,-78978038.7717869,2688.24269079045>,<0,0,0>,<128770682.456963,-78776254.4399673,4563.58364901692>
57,"2017-08-21 15:57:00+00:00",<129083769.025269,-78976520.1922151,2688.10453185439>,<0,0,0>,<128771550.150861,-78774787.7604436,4569.31180810183>
58,"2017-08-21 15:58:00+00:00",<129084673.159551,-78975001.6016856,2687.96637320146>,<0,0,0>,<128772417.835597,-78773321.0756146,4575.03991399705>
59,"2017-08-21 15:59:00+00:00",<129085577.275928,-78973483.0001985,2687.8282148242>,<0,0,0>,<128773285.511171,-78771854.385479,4580.76796653494>
60,"2017-08-21 16:00:00+00:00",<129086481.374402,-78971964.3877542,2687.69005672261>,<0,0,0>,<128774153.177584,-78770387.6900352,4586.49596556276>
61,"2017-08-21 16:01:00+00:00",<129087385.454971,-78970445.7643526,2687.55189890042>,<0,0,0>,<128775020.834836,-78768920.989282,4592.22391088679>
62,"2017-08-21 16:02:00+00:00",<129088289.517636,-78968927.1299943,2687.41374136135>,<0,0,0>,<128775888.482928,-78767454.283218,4597.95180238038>
63,"2017-08-21 16:03:00+00:00",<129089193.562396,-78967408.4846793,2687.27558410913>,<0,0,0>,<128776756.121862,-78765987.5718418,4603.67963985726>
64,"2017-08-21 16:04:00+00:00",<129090097.589252,-78965889.8284078,2687.13742714375>,<0,0,0>,<128777623.751637,-78764520.8551521,4609.4074231647>
65,"2017-08-21 16:05:00+00:00",<129091001.598202,-78964371.1611802,2686.9992704764>,<0,0,0>,<128778491.372254,-78763054.1331474,4615.13515213877>
66,"2017-08-21 16:06:00+00:00",<129091905.589248,-78962852.4829965,2686.86111409217>,<0,0,0>,<128779358.983714,-78761587.4058266,4620.86282660812>
67,"2017-08-21 16:07:00+00:00",<129092809.562388,-78961333.7938572,2686.72295800597>,<0,0,0>,<128780226.586018,-78760120.6731881,4626.59044642001>
68,"2017-08-21 16:08:00+00:00",<129093713.517623,-78959815.0937622,2686.58480220288>,<0,0,0>,<128781094.179166,-78758653.9352305,4632.31801138446>
69,"2017-08-21 16:09:00+00:00",<129094617.454953,-78958296.382712,2686.446646709>,<0,0,0>,<128781961.76316,-78757187.1919527,4638.04552137479>
70,"2017-08-21 16:10:00+00:00",<129095521.374377,-78956777.6607067,2686.30849150941>,<0,0,0>,<128782829.337999,-78755720.4433531,4643.77297620848>
71,"2017-08-21 16:11:00+00:00",<129096425.275895,-78955258.9277465,2686.17033660784>,<0,0,0>,<128783696.903685,-78754253.6894303,4649.5003757216>
72,"2017-08-21 16:12:00+00:00",<129097329.159508,-78953740.1838317,2686.03218201548>,<0,0,0>,<128784564.460219,-78752786.9301832,4655.22771975771>
73,"2017-08-21 16:13:00+00:00",<129098233.025214,-78952221.4289625,2685.89402772114>,<0,0,0>,<128785432.0076,-78751320.1656102,4660.9550081417>
74,"2017-08-21 16:14:00+00:00",<129099136.873014,-78950702.663139,2685.75587373972>,<0,0,0>,<128786299.54583,-78749853.39571,4666.68224072084>
75,"2017-08-21 16:15:00+00:00",<129100040.702909,-78949183.8863617,2685.61772007495>,<0,0,0>,<128787167.07491,-78748386.6204813,4672.40941732377>
76,"2017-08-21 16:16:00+00:00",<129100944.514896,-78947665.0986306,2685.47956671566>,<0,0,0>,<128788034.594839,-78746919.8399226,4678.13653779775>
77,"2017-08-21 16:17:00+00:00",<129101848.308977,-78946146.2999459,2685.34141366556>,<0,0,0>,<128788902.10562,-78745453.0540326,4683.86360195652>
78,"2017-08-21 16:18:00+00:00",<129102752.085151,-78944627.490308,2685.20326092839>,<0,0,0>,<128789769.607252,-78743986.26281,4689.59060966969>
79,"2017-08-21 16:19:00+00:00",<129103655.843419,-78943108.669717,2685.06510851532>,<0,0,0>,<128790637.099736,-78742519.4662533,4695.31756075099>
80,"2017-08-21 16:20:00+00:00",<129104559.583779,-78941589.8381732,2684.9269564189>,<0,0,0>,<128791504.583073,-78741052.6643613,4701.0444550477>
81,"2017-08-21 16:21:00+00:00",<129105463.306233,-78940070.9956767,2684.78880465031>,<0,0,0>,<128792372.057264,-78739585.8571325,4706.77129238471>
82,"2017-08-21 16:22:00+00:00",<129106367.010779,-78938552.1422279,2684.65065320209>,<0,0,0>,<128793239.522309,-78738119.0445655,4712.49807260558>
83,"2017-08-21 16:23:00+00:00",<129107270.697417,-78937033.2778268,2684.51250206679>,<0,0,0>,<128794106.97821,-78736652.2266591,4718.22479554638>
84,"2017-08-21 16:24:00+00:00",<129108174.366148,-78935514.4024739,2684.37435127422>,<0,0,0>,<128794974.424966,-78735185.4034118,4723.95146104693>
85,"2017-08-21 16:25:00+00:00",<129109078.016971,-78933995.5161692,2684.23620080575>,<0,0,0>,<128795841.862579,-78733718.5748223,4729.6780689396>
86,"2017-08-21 16:26:00+00:00",<129109981.649887,-78932476.618913,2684.09805066884>,<0,0,0>,<128796709.291048,-78732251.7408891,4735.40461905673>
87,"2017-08-21 16:27:00+00:00",<129110885.264894,-78930957.7107055,2683.95990086719>,<0,0,0>,<128797576.710376,-78730784.901611,4741.1311112456>
88,"2017-08-21 16:28:00+00:00",<129111788.861994,-78929438.791547,2683.82175140083>,<0,0,0>,<128798444.120563,-78729318.0569866,4746.85754534602>
89,"2017-08-21 16:29:00+00:00",<129112692.441185,-78927919.8614377,2683.68360226974>,<0,0,0>,<128799311.521608,-78727851.2070145,4752.58392117545>
90,"2017-08-21 16:30:00+00:00",<129113596.002467,-78926400.9203777,2683.54545347393>,<0,0,0>,<128800178.913514,-78726384.3516933,4758.3102385737>
91,"2017-08-21 16:31:00+00:00",<129114499.545841,-78924881.9683674,2683.40730502829>,<0,0,0>,<128801046.296281,-78724917.4910216,4764.03649739921>
92,"2017-08-21 16:32:00+00:00",<129115403.071306,-78923363.0054069,2683.26915691793>,<0,0,0>,<128801913.669908,-78723450.6249982,4769.76269747317>
93,"2017-08-21 16:33:00+00:00",<129116306.578863,-78921844.0314965,2683.1310091652>,<0,0,0>,<128802781.034398,-78721983.7536215,4775.48883862793>
94,"2017-08-21 16:34:00+00:00",<129117210.06851,-78920325.0466364,2682.99286175519>,<0,0,0>,<128803648.389751,-78720516.8768903,4781.21492070332>
95,"2017-08-21 16:35:00+00:00",<129118113.540249,-78918806.0508268,2682.85471469164>,<0,0,0>,<128804515.735968,-78719049.9948033,4786.94094354659>
96,"2017-08-21 16:36:00+00:00",<129119016.994078,-78917287.0440679,2682.71656798571>,<0,0,0>,<128805383.073049,-78717583.1073589,4792.66690698266>
97,"2017-08-21 16:37:00+00:00",<129119920.429997,-78915768.02636,2682.57842162996>,<0,0,0>,<128806250.400994,-78716116.2145558,4798.39281085506>
98,"2017-08-21 16:38:00+00:00",<129120823.848007,-78914248.9977033,2682.44027562439>,<0,0,0>,<128807117.719805,-78714649.3163928,4804.11865498871>
99,"2017-08-21 16:39:00+00:00",<129121727.248107,-78912729.958098,2682.30212998018>,<0,0,0>,<128807985.029483,-78713182.4128683,4809.84443923458>
100,"2017-08-21 16:40:00+00:00",<129122630.630298,-78911210.9075444,2682.16398470476>,<0,0,0>,<128808852.330028,-78711715.5039812,4815.57016342878>
101,"2017-08-21 16:41:00+00:00",<129123533.994578,-78909691.8460426,2682.02583977953>,<0,0,0>,<128809719.62144,-78710248.5897298,4821.29582738876>
102,"2017-08-21 16:42:00+00:00",<129124437.340949,-78908172.7735929,2681.88769522682>,<0,0,0>,<128810586.903721,-78708781.670113,4827.02143098041>
103,"2017-08-21 16:43:00+00:00",<129125340.669409,-78906653.6901955,2681.74955103546>,<0,0,0>,<128811454.176871,-78707314.7451293,4832.74697401375>
104,"2017-08-21 16:44:00+00:00",<129126243.979958,-78905134.5958506,2681.61140721291>,<0,0,0>,<128812321.440891,-78705847.8147773,4838.4724563472>
105,"2017-08-21 16:45:00+00:00",<129127147.272597,-78903615.4905585,2681.47326375917>,<0,0,0>,<128813188.695781,-78704380.8790558,4844.19787780195>
106,"2017-08-21 16:46:00+00:00",<129128050.547326,-78902096.3743194,2681.33512067422>,<0,0,0>,<128814055.941543,-78702913.9379633,4849.92323821783>
107,"2017-08-21 16:47:00+00:00",<129128953.804143,-78900577.2471335,2681.19697796553>,<0,0,0>,<128814923.178177,-78701446.9914984,4855.64853743836>
108,"2017-08-21 16:48:00+00:00",<129129857.04305,-78899058.109001,2681.0588356331>,<0,0,0>,<128815790.405683,-78699980.0396598,4861.37377529219>
109,"2017-08-21 16:49:00+00:00",<129130760.264045,-78897538.9599222,2680.9206936881>,<0,0,0>,<128816657.624063,-78698513.0824461,4867.09895163402>
110,"2017-08-21 16:50:00+00:00",<129131663.467129,-78896019.7998972,2680.78255211562>,<0,0,0>,<128817524.833317,-78697046.119856,4872.82406627387>
111,"2017-08-21 16:51:00+00:00",<129132566.652302,-78894500.6289264,2680.6444109194>,<0,0,0>,<128818392.033445,-78695579.151888,4878.549119059>
112,"2017-08-21 16:52:00+00:00",<129133469.819563,-78892981.4470099,2680.50627011433>,<0,0,0>,<128819259.224449,-78694112.1785408,4884.27410983667>
113,"2017-08-21 16:53:00+00:00",<129134372.968913,-78891462.2541479,2680.36812968925>,<0,0,0>,<128820126.406329,-78692645.1998131,4889.99903842062>
114,"2017-08-21 16:54:00+00:00",<129135276.10035,-78889943.0503407,2680.22998965532>,<0,0,0>,<128820993.579086,-78691178.2157034,4895.72390468046>
115,"2017-08-21 16:55:00+00:00",<129136179.213876,-78888423.8355885,2680.09185001254>,<0,0,0>,<128821860.74272,-78689711.2262104,4901.44870842621>
116,"2017-08-21 16:56:00+00:00",<129137082.309489,-78886904.6098915,2679.9537107572>,<0,0,0>,<128822727.897233,-78688244.2313327,4907.17344950512>
117,"2017-08-21 16:57:00+00:00",<129137985.387191,-78885385.37325,2679.81557189673>,<0,0,0>,<128823595.042625,-78686777.231069,4912.89812775329>
118,"2017-08-21 16:58:00+00:00",<129138888.446979,-78883866.1256642,2679.67743344605>,<0,0,0>,<128824462.178896,-78685310.2254178,4918.62274301425>
119,"2017-08-21 16:59:00+00:00",<129139791.488856,-78882346.8671342,2679.53929537907>,<0,0,0>,<128825329.306047,-78683843.2143779,4924.34729511291>
120,"2017-08-21 17:00:00+00:00",<129140694.512819,-78880827.5976604,2679.40115771443>,<0,0,0>,<128826196.42408,-78682376.1979477,4930.07178388536>
121,"2017-08-21 17:01:00+00:00",<129141597.51887,-78879308.317243,2679.26302045956>,<0,0,0>,<128827063.532994,-78680909.176126,4935.79620917887>
122,"2017-08-21 17:02:00+00:00",<129142500.507008,-78877789.025882,2679.12488360331>,<0,0,0>,<128827930.632791,-78679442.1489114,4941.52057082951>
123,"2017-08-21 17:03:00+00:00",<129143403.477232,-78876269.7235779,2678.9867471531>,<0,0,0>,<128828797.723471,-78677975.1163026,4947.24486866593>
124,"2017-08-21 17:04:00+00:00",<129144306.429544,-78874750.4103308,2678.84861110523>,<0,0,0>,<128829664.805034,-78676508.078298,4952.96910253167>
125,"2017-08-21 17:05:00+00:00",<129145209.363942,-78873231.086141,2678.7104754746>,<0,0,0>,<128830531.877483,-78675041.0348964,4958.69327225536>
126,"2017-08-21 17:06:00+00:00",<129146112.280426,-78871711.7510086,2678.57234025747>,<0,0,0>,<128831398.940816,-78673573.9860965,4964.41737767681>
127,"2017-08-21 17:07:00+00:00",<129147015.178997,-78870192.4049339,2678.43420544639>,<0,0,0>,<128832265.995035,-78672106.9318967,4970.1414186433>
128,"2017-08-21 17:08:00+00:00",<129147918.059654,-78868673.0479171,2678.29607105628>,<0,0,0>,<128833133.04014,-78670639.8722958,4975.86539497599>
129,"2017-08-21 17:09:00+00:00",<129148820.922396,-78867153.6799584,2678.15793709084>,<0,0,0>,<128834000.076134,-78669172.8072924,4981.58930654451>
130,"2017-08-21 17:10:00+00:00",<129149723.767225,-78865634.3010581,2678.01980353892>,<0,0,0>,<128834867.103014,-78667705.7368851,4987.31315314397>
131,"2017-08-21 17:11:00+00:00",<129150626.59414,-78864114.9112164,2677.88167041168>,<0,0,0>,<128835734.120784,-78666238.6610726,4993.03693463281>
132,"2017-08-21 17:12:00+00:00",<129151529.40314,-78862595.5104336,2677.74353771284>,<0,0,0>,<128836601.129443,-78664771.5798533,4998.76065084711>
133,"2017-08-21 17:13:00+00:00",<129152432.194225,-78861076.0987097,2677.60540542752>,<0,0,0>,<128837468.128992,-78663304.4932261,5004.48430161178>
134,"2017-08-21 17:14:00+00:00",<129153334.967396,-78859556.6760451,2677.46727357805>,<0,0,0>,<128838335.119431,-78661837.4011895,5010.20788677782>
135,"2017-08-21 17:15:00+00:00",<129154237.722652,-78858037.24244,2677.32914216444>,<0,0,0>,<128839202.100762,-78660370.3037421,5015.93140617758>
136,"2017-08-21 17:16:00+00:00",<129155140.459993,-78856517.7978946,2677.19101116806>,<0,0,0>,<128840069.072986,-78658903.2008826,5021.65485964715>
137,"2017-08-21 17:17:00+00:00",<129156043.179419,-78854998.3424092,2677.05288062245>,<0,0,0>,<128840936.036101,-78657436.0926096,5027.37824702263>
138,"2017-08-21 17:18:00+00:00",<129156945.88093,-78853478.8759838,2676.91475050524>,<0,0,0>,<128841802.990111,-78655968.9789218,5033.10156814754>
139,"2017-08-21 17:19:00+00:00",<129157848.564525,-78851959.3986189,2676.77662083134>,<0,0,0>,<128842669.935014,-78654501.8598176,5038.82482285425>
140,"2017-08-21 17:20:00+00:00",<129158751.230205,-78850439.9103146,2676.63849159703>,<0,0,0>,<128843536.870813,-78653034.7352959,5044.5480109863>
141,"2017-08-21 17:21:00+00:00",<129159653.877969,-78848920.4110711,2676.50036279857>,<0,0,0>,<128844403.797507,-78651567.6053551,5050.27113236114>
142,"2017-08-21 17:22:00+00:00",<129160556.507818,-78847400.9008887,2676.36223444343>,<0,0,0>,<128845270.715097,-78650100.469994,5055.9941868335>
143,"2017-08-21 17:23:00+00:00",<129161459.11975,-78845881.3797675,2676.22410654277>,<0,0,0>,<128846137.623584,-78648633.3292111,5061.71717424318>
144,"2017-08-21 17:24:00+00:00",<129162361.713766,-78844361.8477079,2676.08597908914>,<0,0,0>,<128847004.522969,-78647166.1830051,5067.44009442255>
145,"2017-08-21 17:25:00+00:00",<129163264.289866,-78842842.3047099,2675.94785208255>,<0,0,0>,<128847871.413252,-78645699.0313746,5073.16294719279>
146,"2017-08-21 17:26:00+00:00",<129164166.84805,-78841322.7507739,2675.80972553417>,<0,0,0>,<128848738.294434,-78644231.8743183,5078.88573240861>
147,"2017-08-21 17:27:00+00:00",<129165069.388317,-78839803.1859001,2675.6715994291>,<0,0,0>,<128849605.166515,-78642764.7118347,5084.60844989866>
148,"2017-08-21 17:28:00+00:00",<129165971.910667,-78838283.6100887,2675.53347378969>,<0,0,0>,<128850472.029497,-78641297.5439224,5090.33109951764>
149,"2017-08-21 17:29:00+00:00",<129166874.415101,-78836764.0233399,2675.39534861222>,<0,0,0>,<128851338.88338,-78639830.3705802,5096.05368109047>
150,"2017-08-21 17:30:00+00:00",<129167776.901617,-78835244.425654,2675.25722389668>,<0,0,0>,<128852205.728165,-78638363.1918066,5101.77619444579>
151,"2017-08-21 17:31:00+00:00",<129168679.370217,-78833724.8170311,2675.11909963191>,<0,0,0>,<128853072.563852,-78636896.0076003,5107.4986394234>
152,"2017-08-21 17:32:00+00:00",<129169581.820899,-78832205.1974716,2674.98097583279>,<0,0,0>,<128853939.390443,-78635428.8179598,5113.22101587057>
153,"2017-08-21 17:33:00+00:00",<129170484.253664,-78830685.5669755,2674.84285250306>,<0,0,0>,<128854806.207937,-78633961.6228838,5118.94332361966>
154,"2017-08-21 17:34:00+00:00",<129171386.668511,-78829165.9255432,2674.70472964272>,<0,0,0>,<128855673.016335,-78632494.422371,5124.66556251049>
155,"2017-08-21 17:35:00+00:00",<129172289.065441,-78827646.2731749,2674.56660725549>,<0,0,0>,<128856539.815639,-78631027.2164199,5130.38773237541>
156,"2017-08-21 17:36:00+00:00",<129173191.444453,-78826126.6098708,2674.42848533392>,<0,0,0>,<128857406.605849,-78629560.0050292,5136.10983304679>
157,"2017-08-21 17:37:00+00:00",<129174093.805547,-78824606.935631,2674.29036388919>,<0,0,0>,<128858273.386965,-78628092.7881975,5141.83186437562>
158,"2017-08-21 17:38:00+00:00",<129174996.148723,-78823087.250456,2674.15224293247>,<0,0,0>,<128859140.158988,-78626625.5659235,5147.55382619798>
159,"2017-08-21 17:39:00+00:00",<129175898.47398,-78821567.5543457,2674.01412244141>,<0,0,0>,<128860006.921919,-78625158.3382057,5153.27571833506>
160,"2017-08-21 17:40:00+00:00",<129176800.781319,-78820047.8473006,2673.87600243464>,<0,0,0>,<128860873.675759,-78623691.1050427,5158.9975406304>
161,"2017-08-21 17:41:00+00:00",<129177703.07074,-78818528.1293208,2673.73788291588>,<0,0,0>,<128861740.420508,-78622223.8664333,5164.71929293498>
162,"2017-08-21 17:42:00+00:00",<129178605.342242,-78817008.4004065,2673.59976387769>,<0,0,0>,<128862607.156166,-78620756.622376,5170.44097507745>
163,"2017-08-21 17:43:00+00:00",<129179507.595825,-78815488.660558,2673.46164532378>,<0,0,0>,<128863473.882736,-78619289.3728694,5176.16258689389>
164,"2017-08-21 17:44:00+00:00",<129180409.83149,-78813968.9097755,2673.32352725416>,<0,0,0>,<128864340.600217,-78617822.1179122,5181.88412821293>
165,"2017-08-21 17:45:00+00:00",<129181312.049235,-78812449.1480592,2673.18540969119>,<0,0,0>,<128865207.30861,-78616354.857503,5187.60559889302>
166,"2017-08-21 17:46:00+00:00",<129182214.249061,-78810929.3754094,2673.04729260504>,<0,0,0>,<128866074.007915,-78614887.5916404,5193.32699874789>
167,"2017-08-21 17:47:00+00:00",<129183116.430967,-78809409.5918261,2672.90917601809>,<0,0,0>,<128866940.698134,-78613420.3203231,5199.04832763225>
168,"2017-08-21 17:48:00+00:00",<129184018.594955,-78807889.7973098,2672.77105993033>,<0,0,0>,<128867807.379267,-78611953.0435496,5204.76958537474>
169,"2017-08-21 17:49:00+00:00",<129184920.741022,-78806369.9918606,2672.63294434175>,<0,0,0>,<128868674.051314,-78610485.7613185,5210.49077181145>
170,"2017-08-21 17:50:00+00:00",<129185822.86917,-78804850.1754787,2672.49482925981>,<0,0,0>,<128869540.714277,-78609018.4736287,5216.21188678965>
171,"2017-08-21 17:51:00+00:00",<129186724.979397,-78803330.3481644,2672.35671466589>,<0,0,0>,<128870407.368156,-78607551.1804785,5221.93293013051>
172,"2017-08-21 17:52:00+00:00",<129187627.071705,-78801810.5099179,2672.21860058606>,<0,0,0>,<128871274.012952,-78606083.8818667,5227.65390168875>
173,"2017-08-21 17:53:00+00:00",<129188529.146092,-78800290.6607393,2672.08048701286>,<0,0,0>,<128872140.648665,-78604616.5777919,5233.37480129301>
174,"2017-08-21 17:54:00+00:00",<129189431.202559,-78798770.8006291,2671.94237394631>,<0,0,0>,<128873007.275296,-78603149.2682526,5239.09562878311>
175,"2017-08-21 17:55:00+00:00",<129190333.241106,-78797250.9295872,2671.8042613864>,<0,0,0>,<128873873.892846,-78601681.9532476,5244.81638399512>
176,"2017-08-21 17:56:00+00:00",<129191235.261732,-78795731.047614,2671.66614934802>,<0,0,0>,<128874740.501315,-78600214.6327755,5250.53706676885>
177,"2017-08-21 17:57:00+00:00",<129192137.264437,-78794211.1547098,2671.52803782001>,<0,0,0>,<128875607.100705,-78598747.3068347,5256.25767692923>
178,"2017-08-21 17:58:00+00:00",<129193039.249221,-78792691.2508746,2671.38992680982>,<0,0,0>,<128876473.691015,-78597279.9754241,5261.97821433097>
179,"2017-08-21 17:59:00+00:00",<129193941.216084,-78791171.3361089,2671.25181631744>,<0,0,0>,<128877340.272247,-78595812.6385422,5267.69867880642>
180,"2017-08-21 18:00:00+00:00",<129194843.165026,-78789651.4104127,2671.11370635033>,<0,0,0>,<128878206.844401,-78594345.2961877,5273.41907019168>
181,"2017-08-21 18:01:00+00:00",<129195745.096046,-78788131.4737863,2670.9755968973>,<0,0,0>,<128879073.407478,-78592877.948359,5279.13938831165>
182,"2017-08-21 18:02:00+00:00",<129196647.009145,-78786611.5262299,2670.83748798072>,<0,0,0>,<128879939.961478,-78591410.595055,5284.85963302851>
183,"2017-08-21 18:03:00+00:00",<129197548.904323,-78785091.5677438,2670.69937958196>,<0,0,0>,<128880806.506403,-78589943.2362742,5290.57980416343>
184,"2017-08-21 18:04:00+00:00",<129198450.781578,-78783571.5983281,2670.56127171964>,<0,0,0>,<128881673.042252,-78588475.8720151,5296.2999015525>
185,"2017-08-21 18:05:00+00:00",<129199352.640912,-78782051.6179832,2670.42316437513>,<0,0,0>,<128882539.569027,-78587008.5022766,5302.01992504299>
186,"2017-08-21 18:06:00+00:00",<129200254.482324,-78780531.6267091,2670.28505757824>,<0,0,0>,<128883406.086728,-78585541.127057,5307.7398744598>
187,"2017-08-21 18:07:00+00:00",<129201156.305813,-78779011.6245063,2670.14695129916>,<0,0,0>,<128884272.595356,-78584073.7463552,5313.45974964276>
188,"2017-08-21 18:08:00+00:00",<129202058.11138,-78777491.6113748,2670.0088455677>,<0,0,0>,<128885139.094911,-78582606.3601696,5319.17955044284>
189,"2017-08-21 18:09:00+00:00",<129202959.899025,-78775971.5873149,2669.87074038386>,<0,0,0>,<128886005.585395,-78581138.9684991,5324.89927669615>
190,"2017-08-21 18:10:00+00:00",<129203861.668747,-78774451.5523268,2669.73263572156>,<0,0,0>,<128886872.066808,-78579671.571342,5330.6189282164>
191,"2017-08-21 18:11:00+00:00",<129204763.420546,-78772931.5064107,2669.59453161806>,<0,0,0>,<128887738.53915,-78578204.1686971,5336.33850487322>
192,"2017-08-21 18:12:00+00:00",<129205665.154422,-78771411.4495669,2669.45642805845>,<0,0,0>,<128888605.002423,-78576736.760563,5342.05800648779>
193,"2017-08-21 18:13:00+00:00",<129206566.870375,-78769891.3817957,2669.31832504273>,<0,0,0>,<128889471.456626,-78575269.3469382,5347.77743289247>
194,"2017-08-21 18:14:00+00:00",<129207468.568405,-78768371.3030971,2669.18022256345>,<0,0,0>,<128890337.901761,-78573801.9278215,5353.49678392336>
195,"2017-08-21 18:15:00+00:00",<129208370.248512,-78766851.2134715,2669.04212065414>,<0,0,0>,<128891204.337829,-78572334.5032115,5359.21605943888>
196,"2017-08-21 18:16:00+00:00",<129209271.910695,-78765331.112919,2668.90401929244>,<0,0,0>,<128892070.764829,-78570867.0731068,5364.93525925651>
197,"2017-08-21 18:17:00+00:00",<129210173.554954,-78763811.00144,2668.7659184821>,<0,0,0>,<128892937.182763,-78569399.6375059,5370.65438322723>
198,"2017-08-21 18:18:00+00:00",<129211075.18129,-78762290.8790345,2668.62781822309>,<0,0,0>,<128893803.591631,-78567932.1964075,5376.37343117222>
199,"2017-08-21 18:19:00+00:00",<129211976.789702,-78760770.745703,2668.48971853778>,<0,0,0>,<128894669.991434,-78566464.7498102,5382.0924029462>
200,"2017-08-21 18:20:00+00:00",<129212878.38019,-78759250.6014454,2668.35161940008>,<0,0,0>,<128895536.382173,-78564997.2977127,5387.81129837781>
201,"2017-08-21 18:21:00+00:00",<129213779.952753,-78757730.4462622,2668.21352083609>,<0,0,0>,<128896402.763848,-78563529.8401136,5393.53011730313>
202,"2017-08-21 18:22:00+00:00",<129214681.507393,-78756210.2801534,2668.07542283461>,<0,0,0>,<128897269.13646,-78562062.3770114,5399.24885956943>
203,"2017-08-21 18:23:00+00:00",<129215583.044108,-78754690.1031194,2667.93732538819>,<0,0,0>,<128898135.500009,-78560594.9084049,5404.96752499789>
204,"2017-08-21 18:24:00+00:00",<129216484.562898,-78753169.9151604,2667.79922852293>,<0,0,0>,<128899001.854497,-78559127.4342926,5410.6861134395>
205,"2017-08-21 18:25:00+00:00",<129217386.063763,-78751649.7162766,2667.66113222763>,<0,0,0>,<128899868.199924,-78557659.9546731,5416.40462473407>
206,"2017-08-21 18:26:00+00:00",<129218287.546704,-78750129.5064681,2667.5230365023>,<0,0,0>,<128900734.53629,-78556192.4695451,5422.12305871025>
207,"2017-08-21 18:27:00+00:00",<129219189.011719,-78748609.2857353,2667.38494135439>,<0,0,0>,<128901600.863597,-78554724.9789071,5427.84141520783>
208,"2017-08-21 18:28:00+00:00",<129220090.45881,-78747089.0540784,2667.24684678763>,<0,0,0>,<128902467.181845,-78553257.4827579,5433.55969407409>
209,"2017-08-21 18:29:00+00:00",<129220991.887975,-78745568.8114976,2667.10875279456>,<0,0,0>,<128903333.491034,-78551789.981096,5439.27789513022>
210,"2017-08-21 18:30:00+00:00",<129221893.299214,-78744048.557993,2666.97065938264>,<0,0,0>,<128904199.791166,-78550322.47392,5444.99601821974>
211,"2017-08-21 18:31:00+00:00",<129222794.692528,-78742528.293565,2666.83256654441>,<0,0,0>,<128905066.082241,-78548854.9612286,5450.7140631862>
212,"2017-08-21 18:32:00+00:00",<129223696.067916,-78741008.0182137,2666.69447430223>,<0,0,0>,<128905932.364259,-78547387.4430203,5456.43202985451>
213,"2017-08-21 18:33:00+00:00",<129224597.425378,-78739487.7319395,2666.5563826561>,<0,0,0>,<128906798.637222,-78545919.9192939,5462.1499180831>
214,"2017-08-21 18:34:00+00:00",<129225498.764915,-78737967.4347424,2666.41829158738>,<0,0,0>,<128907664.90113,-78544452.3900478,5467.8677276969>
215,"2017-08-21 18:35:00+00:00",<129226400.086525,-78736447.1266228,2666.28020111099>,<0,0,0>,<128908531.155983,-78542984.8552808,5473.58545854315>
216,"2017-08-21 18:36:00+00:00",<129227301.390208,-78734926.8075808,2666.14211123064>,<0,0,0>,<128909397.401782,-78541517.3149915,5479.30311043933>
217,"2017-08-21 18:37:00+00:00",<129228202.675966,-78733406.4776168,2666.00402194262>,<0,0,0>,<128910263.638529,-78540049.7691784,5485.02068323642>
218,"2017-08-21 18:38:00+00:00",<129229103.943797,-78731886.1367308,2665.86593324318>,<0,0,0>,<128911129.866223,-78538582.2178401,5490.73817676678>
219,"2017-08-21 18:39:00+00:00",<129230005.1937,-78730365.7849231,2665.72784514725>,<0,0,0>,<128911996.084866,-78537114.6609754,5496.45559087396>
220,"2017-08-21 18:40:00+00:00",<129230906.425677,-78728845.422194,2665.58975765854>,<0,0,0>,<128912862.294457,-78535647.0985828,5502.17292539775>
221,"2017-08-21 18:41:00+00:00",<129231807.639728,-78727325.0485437,2665.45167077705>,<0,0,0>,<128913728.494998,-78534179.530661,5507.89018017799>
222,"2017-08-21 18:42:00+00:00",<129232708.835851,-78725804.6639724,2665.31358449534>,<0,0,0>,<128914594.68649,-78532711.9572085,5513.60735504329>
223,"2017-08-21 18:43:00+00:00",<129233610.014046,-78724284.2684803,2665.17549881339>,<0,0,0>,<128915460.868932,-78531244.3782239,5519.32444982603>
224,"2017-08-21 18:44:00+00:00",<129234511.174314,-78722763.8620676,2665.03741374612>,<0,0,0>,<128916327.042326,-78529776.7937059,5525.04146437719>
225,"2017-08-21 18:45:00+00:00",<129235412.316655,-78721243.4447347,2664.89932929725>,<0,0,0>,<128917193.206672,-78528309.2036532,5530.75839854032>
226,"2017-08-21 18:46:00+00:00",<129236313.441068,-78719723.0164816,2664.76124545559>,<0,0,0>,<128918059.361971,-78526841.6080643,5536.47525214031>
227,"2017-08-21 18:47:00+00:00",<129237214.547552,-78718202.5773087,2664.62316222861>,<0,0,0>,<128918925.508224,-78525374.0069378,5542.19202500954>
228,"2017-08-21 18:48:00+00:00",<129238115.636109,-78716682.1272161,2664.48507961631>,<0,0,0>,<128919791.645431,-78523906.4002724,5547.90871700272>
229,"2017-08-21 18:49:00+00:00",<129239016.706738,-78715161.6662041,2664.34699762985>,<0,0,0>,<128920657.773593,-78522438.7880666,5553.62532794476>
230,"2017-08-21 18:50:00+00:00",<129239917.759439,-78713641.1942728,2664.20891625807>,<0,0,0>,<128921523.89271,-78520971.1703191,5559.34185768291>
231,"2017-08-21 18:51:00+00:00",<129240818.794211,-78712120.7114227,2664.07083551958>,<0,0,0>,<128922390.002784,-78519503.5470286,5565.05830605328>
232,"2017-08-21 18:52:00+00:00",<129241719.811054,-78710600.2176537,2663.93275538459>,<0,0,0>,<128923256.103815,-78518035.9181935,5570.77467287332>
233,"2017-08-21 18:53:00+00:00",<129242620.809969,-78709079.7129663,2663.79467589781>,<0,0,0>,<128924122.195803,-78516568.2838126,5576.49095801264>
234,"2017-08-21 18:54:00+00:00",<129243521.790955,-78707559.1973605,2663.65659703687>,<0,0,0>,<128924988.278749,-78515100.6438845,5582.20716129243>
235,"2017-08-21 18:55:00+00:00",<129244422.754012,-78706038.6708366,2663.5185187906>,<0,0,0>,<128925854.352655,-78513632.9984077,5587.92328255251>
236,"2017-08-21 18:56:00+00:00",<129245323.699139,-78704518.1333949,2663.38044119626>,<0,0,0>,<128926720.41752,-78512165.3473809,5593.63932163268>
237,"2017-08-21 18:57:00+00:00",<129246224.626338,-78702997.5850356,2663.2423642315>,<0,0,0>,<128927586.473345,-78510697.6908027,5599.35527836904>
238,"2017-08-21 18:58:00+00:00",<129247125.535607,-78701477.0257589,2663.10428790748>,<0,0,0>,<128928452.520131,-78509230.0286718,5605.07115260884>
239,"2017-08-21 18:59:00+00:00",<129248026.426946,-78699956.4555649,2662.96621221677>,<0,0,0>,<128929318.557878,-78507762.3609866,5610.7869441621>
240,"2017-08-21 19:00:00+00:00",<129248927.300356,-78698435.8744541,2662.82813717052>,<0,0,0>,<128930184.586588,-78506294.6877459,5616.50265290588>
241,"2017-08-21 19:01:00+00:00",<129249828.155836,-78696915.2824264,2662.69006276131>,<0,0,0>,<128931050.60626,-78504827.0089483,5622.21827864274>
242,"2017-08-21 19:02:00+00:00",<129250728.993386,-78695394.6794823,2662.55198900402>,<0,0,0>,<128931916.616896,-78503359.3245924,5627.93382123485>
243,"2017-08-21 19:03:00+00:00",<129251629.813006,-78693874.065622,2662.41391589493>,<0,0,0>,<128932782.618496,-78501891.6346767,5633.64928051829>
244,"2017-08-21 19:04:00+00:00",<129252530.614695,-78692353.4408455,2662.27584342659>,<0,0,0>,<128933648.611061,-78500423.9392,5639.36465631053>
245,"2017-08-21 19:05:00+00:00",<129253431.398454,-78690832.8051532,2662.1377716139>,<0,0,0>,<128934514.594592,-78498956.2381607,5645.07994846255>
246,"2017-08-21 19:06:00+00:00",<129254332.164283,-78689312.1585453,2661.99970045686>,<0,0,0>,<128935380.569088,-78497488.5315577,5650.79515682906>
247,"2017-08-21 19:07:00+00:00",<129255232.91218,-78687791.501022,2661.8616299592>,<0,0,0>,<128936246.534552,-78496020.8193893,5656.51028122008>
248,"2017-08-21 19:08:00+00:00",<129256133.642147,-78686270.8325836,2661.72356010974>,<0,0,0>,<128937112.490982,-78494553.1016544,5662.22532148659>
249,"2017-08-21 19:09:00+00:00",<129257034.354183,-78684750.1532302,2661.58549092337>,<0,0,0>,<128937978.438381,-78493085.3783514,5667.94027746841>
250,"2017-08-21 19:10:00+00:00",<129257935.048288,-78683229.4629621,2661.44742238894>,<0,0,0>,<128938844.376749,-78491617.649479,5673.65514899418>
251,"2017-08-21 19:11:00+00:00",<129258835.724462,-78681708.7617796,2661.30935453623>,<0,0,0>,<128939710.306085,-78490149.9150359,5679.36993592978>
252,"2017-08-21 19:12:00+00:00",<129259736.382704,-78680188.0496827,2661.17128733546>,<0,0,0>,<128940576.226392,-78488682.1750206,5685.08463807032>
253,"2017-08-21 19:13:00+00:00",<129260637.023014,-78678667.3266719,2661.03322080895>,<0,0,0>,<128941442.13767,-78487214.4294317,5690.79925528541>
254,"2017-08-21 19:14:00+00:00",<129261537.645393,-78677146.5927472,2660.89515494555>,<0,0,0>,<128942308.039919,-78485746.6782678,5696.51378740743>
255,"2017-08-21 19:15:00+00:00",<129262438.24984,-78675625.8479089,2660.75708976015>,<0,0,0>,<128943173.93314,-78484278.9215277,5702.22823426127>
256,"2017-08-21 19:16:00+00:00",<129263338.836356,-78674105.0921573,2660.61902524158>,<0,0,0>,<128944039.817334,-78482811.1592098,5707.94259570166>
257,"2017-08-21 19:17:00+00:00",<129264239.404939,-78672584.3254925,2660.48096140474>,<0,0,0>,<128944905.692501,-78481343.3913128,5713.65687155724>
258,"2017-08-21 19:18:00+00:00",<129265139.955589,-78671063.5479149,2660.34289824218>,<0,0,0>,<128945771.558642,-78479875.6178353,5719.37106167525>
259,"2017-08-21 19:19:00+00:00",<129266040.488308,-78669542.7594245,2660.20483574644>,<0,0,0>,<128946637.415757,-78478407.838776,5725.08516587317>
260,"2017-08-21 19:20:00+00:00",<129266941.003093,-78668021.9600216,2660.06677393243>,<0,0,0>,<128947503.263848,-78476940.0541334,5730.79918400198>
261,"2017-08-21 19:21:00+00:00",<129267841.499947,-78666501.1497066,2659.92871281877>,<0,0,0>,<128948369.102915,-78475472.2639061,5736.51311590895>
262,"2017-08-21 19:22:00+00:00",<129268741.978867,-78664980.3284795,2659.79065239057>,<0,0,0>,<128949234.932958,-78474004.4680928,5742.22696143016>
263,"2017-08-21 19:23:00+00:00",<129269642.439854,-78663459.4963406,2659.65259263664>,<0,0,0>,<128950100.753979,-78472536.6666921,5747.94072039053>
264,"2017-08-21 19:24:00+00:00",<129270542.882908,-78661938.6532902,2659.51453358307>,<0,0,0>,<128950966.565977,-78471068.8597026,5753.65439264849>
265,"2017-08-21 19:25:00+00:00",<129271443.30803,-78660417.7993284,2659.37647520751>,<0,0,0>,<128951832.368954,-78469601.0471228,5759.36797801405>
266,"2017-08-21 19:26:00+00:00",<129272343.715217,-78658896.9344555,2659.23841753975>,<0,0,0>,<128952698.16291,-78468133.2289515,5765.08147634566>
267,"2017-08-21 19:27:00+00:00",<129273244.104471,-78657376.0586717,2659.10036055371>,<0,0,0>,<128953563.947846,-78466665.4051873,5770.79488747567>
268,"2017-08-21 19:28:00+00:00",<129274144.475792,-78655855.1719772,2658.96230427548>,<0,0,0>,<128954429.723763,-78465197.5758286,5776.50821124762>
269,"2017-08-21 19:29:00+00:00",<129275044.829178,-78654334.2743723,2658.82424868643>,<0,0,0>,<128955295.49066,-78463729.7408742,5782.22144748643>
270,"2017-08-21 19:30:00+00:00",<129275945.164631,-78652813.3658572,2658.68619381264>,<0,0,0>,<128956161.24854,-78462261.9003227,5787.93459605053>
271,"2017-08-21 19:31:00+00:00",<129276845.482149,-78651292.4464321,2658.54813963175>,<0,0,0>,<128957026.997401,-78460794.0541727,5793.64765676111>
272,"2017-08-21 19:32:00+00:00",<129277745.781734,-78649771.5160972,2658.41008615494>,<0,0,0>,<128957892.737246,-78459326.2024228,5799.36062946543>
273,"2017-08-21 19:33:00+00:00",<129278646.063384,-78648250.5748528,2658.27203339338>,<0,0,0>,<128958758.468075,-78457858.3450715,5805.07351399213>
274,"2017-08-21 19:34:00+00:00",<129279546.327099,-78646729.622699,2658.13398133591>,<0,0,0>,<128959624.189887,-78456390.4821176,5810.78631019592>
275,"2017-08-21 19:35:00+00:00",<129280446.57288,-78645208.6596361,2657.99592997879>,<0,0,0>,<128960489.902685,-78454922.6135596,5816.49901789054>
276,"2017-08-21 19:36:00+00:00",<129281346.800726,-78643687.6856644,2657.85787935555>,<0,0,0>,<128961355.606469,-78453454.7393962,5822.21163694188>
277,"2017-08-21 19:37:00+00:00",<129282247.010637,-78642166.7007841,2657.71982944012>,<0,0,0>,<128962221.301238,-78451986.8596259,5827.92416717485>
278,"2017-08-21 19:38:00+00:00",<129283147.202613,-78640645.7049953,2657.58178023994>,<0,0,0>,<128963086.986995,-78450518.9742474,5833.63660842553>
279,"2017-08-21 19:39:00+00:00",<129284047.376654,-78639124.6982983,2657.44373175129>,<0,0,0>,<128963952.663739,-78449051.0832592,5839.34896053374>
280,"2017-08-21 19:40:00+00:00",<129284947.532759,-78637603.6806933,2657.30568398908>,<0,0,0>,<128964818.331472,-78447583.18666,5845.06122333556>
281,"2017-08-21 19:41:00+00:00",<129285847.670929,-78636082.6521806,2657.16763696074>,<0,0,0>,<128965683.990193,-78446115.2844484,5850.77339668199>
282,"2017-08-21 19:42:00+00:00",<129286747.791163,-78634561.6127604,2657.02959064394>,<0,0,0>,<128966549.639904,-78444647.3766231,5856.48548039794>
283,"2017-08-21 19:43:00+00:00",<129287647.893461,-78633040.5624329,2656.8915450573>,<0,0,0>,<128967415.280605,-78443179.4631825,5862.19747432321>
284,"2017-08-21 19:44:00+00:00",<129288547.977824,-78631519.5011983,2656.75350020826>,<0,0,0>,<128968280.912297,-78441711.5441254,5867.90937830508>
285,"2017-08-21 19:45:00+00:00",<129289448.04425,-78629998.4290568,2656.61545608193>,<0,0,0>,<128969146.534981,-78440243.6194503,5873.62119217217>
286,"2017-08-21 19:46:00+00:00",<129290348.092741,-78628477.3460088,2656.47741269693>,<0,0,0>,<128970012.148656,-78438775.6891559,5879.33291577548>
287,"2017-08-21 19:47:00+00:00",<129291248.123295,-78626956.2520543,2656.33937003464>,<0,0,0>,<128970877.753324,-78437307.7532408,5885.04454892874>
288,"2017-08-21 19:48:00+00:00",<129292148.135912,-78625435.1471937,2656.20132811368>,<0,0,0>,<128971743.348986,-78435839.8117035,5890.75609149411>
289,"2017-08-21 19:49:00+00:00",<129293048.130593,-78623914.0314271,2656.06328693032>,<0,0,0>,<128972608.935641,-78434371.8645427,5896.46754330769>
290,"2017-08-21 19:50:00+00:00",<129293948.107337,-78622392.9047548,2655.92524649575>,<0,0,0>,<128973474.513292,-78432903.911757,5902.17890420184>
291,"2017-08-21 19:51:00+00:00",<129294848.066144,-78620871.7671769,2655.78720679879>,<0,0,0>,<128974340.081937,-78431435.953345,5907.89017400518>
292,"2017-08-21 19:52:00+00:00",<129295748.007014,-78619350.6186938,2655.64916784689>,<0,0,0>,<128975205.641579,-78429967.9893053,5913.60135257244>
293,"2017-08-21 19:53:00+00:00",<129296647.929946,-78617829.4593057,2655.51112964377>,<0,0,0>,<128976071.192217,-78428500.0196366,5919.3124397397>
294,"2017-08-21 19:54:00+00:00",<129297547.834942,-78616308.2890127,2655.37309218198>,<0,0,0>,<128976936.733852,-78427032.0443374,5925.02343533561>
295,"2017-08-21 19:55:00+00:00",<129298447.722,-78614787.1078151,2655.2350554876>,<0,0,0>,<128977802.266485,-78425564.0634063,5930.73433921486>
296,"2017-08-21 19:56:00+00:00",<129299347.59112,-78613265.9157132,2655.09701953456>,<0,0,0>,<128978667.790117,-78424096.076842,5936.44515119866>
297,"2017-08-21 19:57:00+00:00",<129300247.442303,-78611744.7127071,2654.9589843452>,<0,0,0>,<128979533.304748,-78422628.0846431,5942.15587113798>
298,"2017-08-21 19:58:00+00:00",<129301147.275548,-78610223.498797,2654.82094989717>,<0,0,0>,<128980398.810379,-78421160.0868081,5947.86649885401>
299,"2017-08-21 19:59:00+00:00",<129302047.090854,-78608702.2739833,2654.68291622773>,<0,0,0>,<128981264.30701,-78419692.0833357,5953.57703421637>
300,"2017-08-21 20:00:00+00:00",<129302946.888223,-78607181.0382661,2654.54488330334>,<0,0,0>,<128982129.794642,-78418224.0742245,5959.28747703135>
301,"2017-08-21 20:01:00+00:00",<129303846.667653,-78605659.7916456,2654.40685115382>,<0,0,0>,<128982995.273276,-78416756.0594732,5964.99782714993>
302,"2017-08-21 20:02:00+00:00",<129304746.429144,-78604138.5341221,2654.26881976053>,<0,0,0>,<128983860.742912,-78415288.0390802,5970.70808442682>
303,"2017-08-21 20:03:00+00:00",<129305646.172697,-78602617.2656958,2654.1307891421>,<0,0,0>,<128984726.203552,-78413820.0130443,5976.41824867576>
304,"2017-08-21 20:04:00+00:00",<129306545.898312,-78601095.986367,2653.99275928363>,<0,0,0>,<128985591.655194,-78412351.9813639,5982.12831973657>
305,"2017-08-21 20:05:00+00:00",<129307445.605987,-78599574.6961357,2653.85473020002>,<0,0,0>,<128986457.097842,-78410883.9440379,5987.83829746768>
306,"2017-08-21 20:06:00+00:00",<129308345.295724,-78598053.3950024,2653.716701895>,<0,0,0>,<128987322.531494,-78409415.9010646,5993.548181694>
307,"2017-08-21 20:07:00+00:00",<129309244.967521,-78596532.0829671,2653.57867435738>,<0,0,0>,<128988187.956151,-78407947.8524429,5999.25797225535>
308,"2017-08-21 20:08:00+00:00",<129310144.621379,-78595010.7600301,2653.44064759463>,<0,0,0>,<128989053.371815,-78406479.7981712,6004.96766898781>
309,"2017-08-21 20:09:00+00:00",<129311044.257297,-78593489.4261917,2653.30262161791>,<0,0,0>,<128989918.778485,-78405011.7382482,6010.67727174237>
310,"2017-08-21 20:10:00+00:00",<129311943.875276,-78591968.0814521,2653.16459642723>,<0,0,0>,<128990784.176163,-78403543.6726725,6016.38678034395>
311,"2017-08-21 20:11:00+00:00",<129312843.475315,-78590446.7258114,2653.02657200769>,<0,0,0>,<128991649.564849,-78402075.6014426,6022.0961946398>
312,"2017-08-21 20:12:00+00:00",<129313743.057414,-78588925.35927,2652.88854838163>,<0,0,0>,<128992514.944544,-78400607.5245573,6027.80551446602>
313,"2017-08-21 20:13:00+00:00",<129314642.621573,-78587403.981828,2652.75052553788>,<0,0,0>,<128993380.315248,-78399139.4420151,6033.51473965123>
314,"2017-08-21 20:14:00+00:00",<129315542.167793,-78585882.5934857,2652.61250349134>,<0,0,0>,<128994245.676963,-78397671.3538146,6039.22387005761>
315,"2017-08-21 20:15:00+00:00",<129316441.696071,-78584361.1942433,2652.47448221967>,<0,0,0>,<128995111.029687,-78396203.2599544,6044.93290550262>
316,"2017-08-21 20:16:00+00:00",<129317341.20641,-78582839.784101,2652.33646175265>,<0,0,0>,<128995976.373423,-78394735.1604331,6050.64184582606>
317,"2017-08-21 20:17:00+00:00",<129318240.698807,-78581318.363059,2652.19844208285>,<0,0,0>,<128996841.708171,-78393267.0552494,6056.3506908752>
318,"2017-08-21 20:18:00+00:00",<129319140.173264,-78579796.9311176,2652.06042320654>,<0,0,0>,<128997707.033932,-78391798.9444019,6062.05944048986>
319,"2017-08-21 20:19:00+00:00",<129320039.629781,-78578275.488277,2651.92240512371>,<0,0,0>,<128998572.350705,-78390330.8278891,6067.76809449866>
320,"2017-08-21 20:20:00+00:00",<129320939.068356,-78576754.0345374,2651.78438784182>,<0,0,0>,<128999437.658493,-78388862.7057096,6073.47665274888>
321,"2017-08-21 20:21:00+00:00",<129321838.48899,-78575232.5698991,2651.64637136832>,<0,0,0>,<129000302.957294,-78387394.5778622,6079.18511508778>
322,"2017-08-21 20:22:00+00:00",<129322737.891682,-78573711.0943622,2651.5083557032>,<0,0,0>,<129001168.247111,-78385926.4443453,6084.89348133281>
323,"2017-08-21 20:23:00+00:00",<129323637.276433,-78572189.607927,2651.37034083903>,<0,0,0>,<129002033.527944,-78384458.3051576,6090.60175132751>
324,"2017-08-21 20:24:00+00:00",<129324536.643243,-78570668.1105938,2651.23232679069>,<0,0,0>,<129002898.799792,-78382990.1602977,6096.30992493033>
325,"2017-08-21 20:25:00+00:00",<129325435.992111,-78569146.6023626,2651.09431354329>,<0,0,0>,<129003764.062658,-78381522.0097642,6102.018001955>
326,"2017-08-21 20:26:00+00:00",<129326335.323037,-78567625.0832338,2650.95630111173>,<0,0,0>,<129004629.316542,-78380053.8535557,6107.72598225623>
327,"2017-08-21 20:27:00+00:00",<129327234.636021,-78566103.5532077,2650.81828950346>,<0,0,0>,<129005494.561443,-78378585.6916708,6113.43386566639>
328,"2017-08-21 20:28:00+00:00",<129328133.931064,-78564582.0122843,2650.68027869612>,<0,0,0>,<129006359.797364,-78377117.5241082,6119.14165202156>
329,"2017-08-21 20:29:00+00:00",<129329033.208163,-78563060.460464,2650.54226871952>,<0,0,0>,<129007225.024303,-78375649.3508663,6124.84934117645>
330,"2017-08-21 20:30:00+00:00",<129329932.467321,-78561538.8977469,2650.40425955877>,<0,0,0>,<129008090.242263,-78374181.1719439,6130.55693294108>
331,"2017-08-21 20:31:00+00:00",<129330831.708535,-78560017.3241333,2650.26625122502>,<0,0,0>,<129008955.451244,-78372712.9873396,6136.26442718133>
332,"2017-08-21 20:32:00+00:00",<129331730.931807,-78558495.7396235,2650.12824371457>,<0,0,0>,<129009820.651246,-78371244.7970519,6141.9718237333>
333,"2017-08-21 20:33:00+00:00",<129332630.137137,-78556974.1442175,2649.99023703113>,<0,0,0>,<129010685.84227,-78369776.6010794,6147.67912242189>
334,"2017-08-21 20:34:00+00:00",<129333529.324523,-78555452.5379158,2649.85223118216>,<0,0,0>,<129011551.024317,-78368308.3994208,6153.38632309809>
335,"2017-08-21 20:35:00+00:00",<129334428.493966,-78553930.9207184,2649.71422615647>,<0,0,0>,<129012416.197387,-78366840.1920747,6159.09342559427>
336,"2017-08-21 20:36:00+00:00",<129335327.645466,-78552409.2926257,2649.57622196525>,<0,0,0>,<129013281.36148,-78365371.9790397,6164.80042974651>
337,"2017-08-21 20:37:00+00:00",<129336226.779022,-78550887.6536377,2649.43821860477>,<0,0,0>,<129014146.516599,-78363903.7603143,6170.50733538717>
338,"2017-08-21 20:38:00+00:00",<129337125.894635,-78549366.0037549,2649.30021608248>,<0,0,0>,<129015011.662742,-78362435.5358972,6176.21414238214>
339,"2017-08-21 20:39:00+00:00",<129338024.992304,-78547844.3429773,2649.16221440956>,<0,0,0>,<129015876.799911,-78360967.305787,6181.92085055634>
340,"2017-08-21 20:40:00+00:00",<129338924.07203,-78546322.6713053,2649.02421356365>,<0,0,0>,<129016741.928107,-78359499.0699823,6187.62745973095>
341,"2017-08-21 20:41:00+00:00",<129339823.133811,-78544800.9887389,2648.88621357083>,<0,0,0>,<129017607.047329,-78358030.8284817,6193.33396977186>
342,"2017-08-21 20:42:00+00:00",<129340722.177649,-78543279.2952786,2648.74821441621>,<0,0,0>,<129018472.157579,-78356562.5812838,6199.04038049653>
343,"2017-08-21 20:43:00+00:00",<129341621.203542,-78541757.5909244,2648.61021611095>,<0,0,0>,<129019337.258858,-78355094.3283872,6204.74669177085>
344,"2017-08-21 20:44:00+00:00",<129342520.21149,-78540235.8756766,2648.47221865133>,<0,0,0>,<129020202.351165,-78353626.0697905,6210.45290339366>
345,"2017-08-21 20:45:00+00:00",<129343419.201495,-78538714.1495355,2648.3342220448>,<0,0,0>,<129021067.434502,-78352157.8054924,6216.15901524201>
346,"2017-08-21 20:46:00+00:00",<129344318.173554,-78537192.4125012,2648.19622628763>,<0,0,0>,<129021932.508869,-78350689.5354913,6221.86502714083>
347,"2017-08-21 20:47:00+00:00",<129345217.127669,-78535670.6645741,2648.05823139101>,<0,0,0>,<129022797.574266,-78349221.2597861,6227.57093892246>
348,"2017-08-21 20:48:00+00:00",<129346116.063839,-78534148.9057542,2647.92023734748>,<0,0,0>,<129023662.630695,-78347752.9783751,6233.27675043419>
349,"2017-08-21 20:49:00+00:00",<129347014.982063,-78532627.1360419,2647.78224416822>,<0,0,0>,<129024527.678156,-78346284.6912571,6238.98246151954>
350,"2017-08-21 20:50:00+00:00",<129347913.882343,-78531105.3554373,2647.6442518495>,<0,0,0>,<129025392.71665,-78344816.3984306,6244.68807200342>
351,"2017-08-21 20:51:00+00:00",<129348812.764677,-78529583.5639407,2647.5062603876>,<0,0,0>,<129026257.746177,-78343348.0998943,6250.39358173311>
352,"2017-08-21 20:52:00+00:00",<129349711.629065,-78528061.7615523,2647.36826978251>,<0,0,0>,<129027122.766738,-78341879.7956467,6256.09899054095>
353,"2017-08-21 20:53:00+00:00",<129350610.475508,-78526539.9482724,2647.2302800566>,<0,0,0>,<129027987.778333,-78340411.4856865,6261.80429828539>
354,"2017-08-21 20:54:00+00:00",<129351509.304005,-78525018.1241011,2647.09229119867>,<0,0,0>,<129028852.780963,-78338943.1700123,6267.50950477645>
355,"2017-08-21 20:55:00+00:00",<129352408.114557,-78523496.2890387,2646.95430320874>,<0,0,0>,<129029717.774629,-78337474.8486226,6273.21460988>
356,"2017-08-21 20:56:00+00:00",<129353306.907162,-78521974.4430855,2646.81631609425>,<0,0,0>,<129030582.759332,-78336006.5215161,6278.91961342469>
357,"2017-08-21 20:57:00+00:00",<129354205.68182,-78520452.5862415,2646.67832985148>,<0,0,0>,<129031447.735071,-78334538.1886914,6284.62451524287>
358,"2017-08-21 20:58:00+00:00",<129355104.438533,-78518930.7185071,2646.54034448788>,<0,0,0>,<129032312.701848,-78333069.8501471,6290.3293151781>
359,"2017-08-21 20:59:00+00:00",<129356003.177299,-78517408.8398825,2646.40235999599>,<0,0,0>,<129033177.659663,-78331601.5058817,6296.03401307017>
360,"2017-08-21 21:00:00+00:00",<129356901.898118,-78515886.9503679,2646.26437639072>,<0,0,0>,<129034042.608518,-78330133.1558939,6301.7386087589>
361,"2017-08-21 21:01:00+00:00",<129357800.600991,-78514365.0499635,2646.1263936609>,<0,0,0>,<129034907.548411,-78328664.8001824,6307.4431020841>
362,"2017-08-21 21:02:00+00:00",<129358699.285917,-78512843.1386697,2645.98841182888>,<0,0,0>,<129035772.479345,-78327196.4387456,6313.14749289304>
363,"2017-08-21 21:03:00+00:00",<129359597.952895,-78511321.2164864,2645.85043087229>,<0,0,0>,<129036637.401319,-78325728.0715822,6318.85178099945>
364,"2017-08-21 21:04:00+00:00",<129360496.601927,-78509799.2834141,2645.71245080233>,<0,0,0>,<129037502.314335,-78324259.6986908,6324.55596627295>
365,"2017-08-21 21:05:00+00:00",<129361395.233011,-78508277.339453,2645.57447163761>,<0,0,0>,<129038367.218393,-78322791.32007,6330.26004853472>
366,"2017-08-21 21:06:00+00:00",<129362293.846147,-78506755.3846031,2645.43649334833>,<0,0,0>,<129039232.113493,-78321322.9357184,6335.96402762458>
367,"2017-08-21 21:07:00+00:00",<129363192.441336,-78505233.4188649,2645.29851596803>,<0,0,0>,<129040096.999636,-78319854.5456347,6341.66790339351>
368,"2017-08-21 21:08:00+00:00",<129364091.018578,-78503711.4422385,2645.16053948179>,<0,0,0>,<129040961.876823,-78318386.1498173,6347.37167567387>
369,"2017-08-21 21:09:00+00:00",<129364989.577871,-78502189.4547241,2645.02256388217>,<0,0,0>,<129041826.745055,-78316917.748265,6353.07534428686>
370,"2017-08-21 21:10:00+00:00",<129365888.119216,-78500667.4563219,2644.88458919525>,<0,0,0>,<129042691.604331,-78315449.3409763,6358.77890910581>
371,"2017-08-21 21:11:00+00:00",<129366786.642613,-78499145.4470323,2644.74661540613>,<0,0,0>,<129043556.454654,-78313980.9279498,6364.48236994445>
372,"2017-08-21 21:12:00+00:00",<129367685.148062,-78497623.4268554,2644.60864252225>,<0,0,0>,<129044421.296022,-78312512.5091841,6370.18572665006>
373,"2017-08-21 21:13:00+00:00",<129368583.635562,-78496101.3957913,2644.47067053989>,<0,0,0>,<129045286.128437,-78311044.0846779,6375.88897906244>
374,"2017-08-21 21:14:00+00:00",<129369482.105114,-78494579.3538405,2644.33269947395>,<0,0,0>,<129046150.9519,-78309575.6544297,6381.5921270214>
375,"2017-08-21 21:15:00+00:00",<129370380.556717,-78493057.301003,2644.19472931325>,<0,0,0>,<129047015.766411,-78308107.2184381,6387.29517036304>
376,"2017-08-21 21:16:00+00:00",<129371278.990371,-78491535.2372791,2644.05676005781>,<0,0,0>,<129047880.571971,-78306638.7767018,6392.99810892716>
377,"2017-08-21 21:17:00+00:00",<129372177.406076,-78490013.1626691,2643.91879172996>,<0,0,0>,<129048745.36858,-78305170.3292193,6398.70094256476>
378,"2017-08-21 21:18:00+00:00",<129373075.803832,-78488491.0771731,2643.78082431108>,<0,0,0>,<129049610.156239,-78303701.8759892,6404.40367109329>
379,"2017-08-21 21:19:00+00:00",<129373974.183638,-78486968.9807915,2643.6428578198>,<0,0,0>,<129050474.934948,-78302233.4170102,6410.10629437864>
380,"2017-08-21 21:20:00+00:00",<129374872.545495,-78485446.8735243,2643.50489223748>,<0,0,0>,<129051339.704709,-78300764.9522808,6415.80881222337>
381,"2017-08-21 21:21:00+00:00",<129375770.889403,-78483924.7553718,2643.36692757532>,<0,0,0>,<129052204.465522,-78299296.4817997,6421.51122450829>
382,"2017-08-21 21:22:00+00:00",<129376669.215361,-78482402.6263343,2643.2289638482>,<0,0,0>,<129053069.217386,-78297828.0055654,6427.21353104338>
383,"2017-08-21 21:23:00+00:00",<129377567.523368,-78480880.486412,2643.09100104496>,<0,0,0>,<129053933.960304,-78296359.5235765,6432.9157316871>
384,"2017-08-21 21:24:00+00:00",<129378465.813426,-78479358.3356051,2642.95303916186>,<0,0,0>,<129054798.694276,-78294891.0358317,6438.61782625318>
385,"2017-08-21 21:25:00+00:00",<129379364.085534,-78477836.1739138,2642.81507821381>,<0,0,0>,<129055663.419302,-78293422.5423296,6444.31981460378>
386,"2017-08-21 21:26:00+00:00",<129380262.339692,-78476314.0013384,2642.67711820826>,<0,0,0>,<129056528.135382,-78291954.0430687,6450.02169658616>
387,"2017-08-21 21:27:00+00:00",<129381160.575898,-78474791.8178791,2642.53915912285>,<0,0,0>,<129057392.842518,-78290485.5380476,6455.72347201034>
388,"2017-08-21 21:28:00+00:00",<129382058.794155,-78473269.6235361,2642.4012009725>,<0,0,0>,<129058257.540711,-78289017.027265,6461.42514073849>
389,"2017-08-21 21:29:00+00:00",<129382956.994461,-78471747.4183096,2642.26324377582>,<0,0,0>,<129059122.22996,-78287548.5107195,6467.12670260668>
390,"2017-08-21 21:30:00+00:00",<129383855.176815,-78470225.2021998,2642.12528751046>,<0,0,0>,<129059986.910266,-78286079.9884096,6472.82815744355>
391,"2017-08-21 21:31:00+00:00",<129384753.341219,-78468702.9752071,2641.98733218759>,<0,0,0>,<129060851.58163,-78284611.460334,6478.52950509265>
392,"2017-08-21 21:32:00+00:00",<129385651.487672,-78467180.7373315,2641.84937779978>,<0,0,0>,<129061716.244053,-78283142.9264912,6484.23074538633>
393,"2017-08-21 21:33:00+00:00",<129386549.616173,-78465658.4885734,2641.71142437682>,<0,0,0>,<129062580.897535,-78281674.38688,6489.93187820166>
394,"2017-08-21 21:34:00+00:00",<129387447.726723,-78464136.2289329,2641.57347188145>,<0,0,0>,<129063445.542076,-78280205.8414987,6495.6329033263>
395,"2017-08-21 21:35:00+00:00",<129388345.819322,-78462613.9584104,2641.43552034721>,<0,0,0>,<129064310.177678,-78278737.2903461,6501.33382062986>
396,"2017-08-21 21:36:00+00:00",<129389243.893969,-78461091.6770059,2641.29756975546>,<0,0,0>,<129065174.804341,-78277268.7334208,6507.03462994471>
397,"2017-08-21 21:37:00+00:00",<129390141.950663,-78459569.3847198,2641.15962013602>,<0,0,0>,<129066039.422065,-78275800.1707213,6512.73533112183>
398,"2017-08-21 21:38:00+00:00",<129391039.989406,-78458047.0815522,2641.0216714628>,<0,0,0>,<129066904.030852,-78274331.6022463,6518.43592398241>
399,"2017-08-21 21:39:00+00:00",<129391938.010197,-78456524.7675034,2640.88372373954>,<0,0,0>,<129067768.630701,-78272863.0279943,6524.13640836254>
400,"2017-08-21 21:40:00+00:00",<129392836.013036,-78455002.4425736,2640.74577698484>,<0,0,0>,<129068633.221614,-78271394.4479641,6529.8367841281>
401,"2017-08-21 21:41:00+00:00",<129393733.997922,-78453480.106763,2640.607831195>,<0,0,0>,<129069497.803591,-78269925.862154,6535.53705110028>
402,"2017-08-21 21:42:00+00:00",<129394631.964856,-78451957.7600719,2640.46988636628>,<0,0,0>,<129070362.376632,-78268457.2705629,6541.23720912635>
403,"2017-08-21 21:43:00+00:00",<129395529.913836,-78450435.4025005,2640.33194249868>,<0,0,0>,<129071226.940739,-78266988.6731891,6546.93725803122>
404,"2017-08-21 21:44:00+00:00",<129396427.844865,-78448913.034049,2640.19399960712>,<0,0,0>,<129072091.495911,-78265520.0700315,6552.63719767332>
405,"2017-08-21 21:45:00+00:00",<129397325.75794,-78447390.6547176,2640.05605768412>,<0,0,0>,<129072956.04215,-78264051.4610885,6558.33702788129>
406,"2017-08-21 21:46:00+00:00",<129398223.653062,-78445868.2645065,2639.91811671853>,<0,0,0>,<129073820.579456,-78262582.8463587,6564.0367484875>
407,"2017-08-21 21:47:00+00:00",<129399121.53023,-78444345.8634161,2639.78017674014>,<0,0,0>,<129074685.107829,-78261114.2258409,6569.73635934666>
408,"2017-08-21 21:48:00+00:00",<129400019.389446,-78442823.4514464,2639.6422377415>,<0,0,0>,<129075549.627271,-78259645.5995335,6575.43586029857>
409,"2017-08-21 21:49:00+00:00",<129400917.230708,-78441301.0285978,2639.50429970771>,<0,0,0>,<129076414.137782,-78258176.9674351,6581.13525117561>
410,"2017-08-21 21:50:00+00:00",<129401815.054016,-78439778.5948705,2639.36636266112>,<0,0,0>,<129077278.639362,-78256708.3295444,6586.83453181386>
411,"2017-08-21 21:51:00+00:00",<129402712.85937,-78438256.1502646,2639.22842660174>,<0,0,0>,<129078143.132012,-78255239.6858599,6592.53370206431>
412,"2017-08-21 21:52:00+00:00",<129403610.646771,-78436733.6947804,2639.0904915221>,<0,0,0>,<129079007.615733,-78253771.0363803,6598.23276175186>
413,"2017-08-21 21:53:00+00:00",<129404508.416217,-78435211.2284182,2638.95255741477>,<0,0,0>,<129079872.090525,-78252302.3811042,6603.93171072751>
414,"2017-08-21 21:54:00+00:00",<129405406.167709,-78433688.7511781,2638.81462432072>,<0,0,0>,<129080736.556389,-78250833.7200301,6609.6305488348>
415,"2017-08-21 21:55:00+00:00",<129406303.901247,-78432166.2630604,2638.67669219524>,<0,0,0>,<129081601.013325,-78249365.0531566,6615.32927589864>
416,"2017-08-21 21:56:00+00:00",<129407201.61683,-78430643.7640653,2638.53876107186>,<0,0,0>,<129082465.461335,-78247896.3804824,6621.02789177001>
417,"2017-08-21 21:57:00+00:00",<129408099.314459,-78429121.2541931,2638.40083093569>,<0,0,0>,<129083329.900418,-78246427.7020061,6626.72639627755>
418,"2017-08-21 21:58:00+00:00",<129408996.994133,-78427598.7334439,2638.26290179789>,<0,0,0>,<129084194.330575,-78244959.0177262,6632.42478928715>
419,"2017-08-21 21:59:00+00:00",<129409894.655852,-78426076.201818,2638.12497365847>,<0,0,0>,<129085058.751808,-78243490.3276413,6638.12307060137>
420,"2017-08-21 22:00:00+00:00",<129410792.299615,-78424553.6593156,2637.98704652488>,<0,0,0>,<129085923.164116,-78242021.6317501,6643.82124009728>
